id,coef
0,3.14172883822
1,2.71842889253
2,3.999957864335599
